Date,Open,High,Low,Close,Volume,ticker
29/12/2023,99.24,99.24,99.24,99.24,data,IDCOT20TR:PSE
28/12/2023,100.18,100.18,100.18,100.18,0,IDCOT20TR:PSE
27/12/2023,100.9,100.9,100.9,100.9,0,IDCOT20TR:PSE
26/12/2023,99.17,99.17,99.17,99.17,0,IDCOT20TR:PSE
22/12/2023,98.9,98.9,98.9,98.9,0,IDCOT20TR:PSE
21/12/2023,99.35,99.35,99.35,99.35,0,IDCOT20TR:PSE
20/12/2023,100.03,100.03,100.03,100.03,0,IDCOT20TR:PSE
19/12/2023,99.31,99.31,99.31,99.31,0,IDCOT20TR:PSE
18/12/2023,98.84,98.84,98.84,98.84,0,IDCOT20TR:PSE
15/12/2023,99.56,99.56,99.56,99.56,0,IDCOT20TR:PSE
14/12/2023,99.36,99.36,99.36,99.36,0,IDCOT20TR:PSE
13/12/2023,96.9,96.9,96.9,96.9,0,IDCOT20TR:PSE
12/12/2023,94.71,94.71,94.71,94.71,0,IDCOT20TR:PSE
11/12/2023,94.41,94.41,94.41,94.41,0,IDCOT20TR:PSE
08/12/2023,94.58,94.58,94.58,94.58,0,IDCOT20TR:PSE
07/12/2023,95.38,95.38,95.38,95.38,0,IDCOT20TR:PSE
06/12/2023,96.01,96.01,96.01,96.01,0,IDCOT20TR:PSE
05/12/2023,94.66,94.66,94.66,94.66,0,IDCOT20TR:PSE
04/12/2023,92.69,92.7,92.69,92.7,0,IDCOT20TR:PSE
01/12/2023,92.99,92.99,92.99,92.99,0,IDCOT20TR:PSE
30/11/2023,91.37,91.37,91.37,91.37,0,IDCOT20TR:PSE
29/11/2023,92.45,92.45,92.45,92.45,0,IDCOT20TR:PSE
28/11/2023,91.25,91.25,91.25,91.25,0,IDCOT20TR:PSE
27/11/2023,91.08,91.08,91.08,91.08,0,IDCOT20TR:PSE
24/11/2023,89.61,89.61,89.61,89.61,0,IDCOT20TR:PSE
22/11/2023,90.64,90.64,90.64,90.64,0,IDCOT20TR:PSE
21/11/2023,90.32,90.32,90.32,90.32,0,IDCOT20TR:PSE
20/11/2023,90.36,90.36,90.36,90.36,0,IDCOT20TR:PSE
17/11/2023,89.82,89.82,89.82,89.82,0,IDCOT20TR:PSE
16/11/2023,89.41,89.41,89.41,89.41,0,IDCOT20TR:PSE
15/11/2023,88.35,88.35,88.35,88.35,0,IDCOT20TR:PSE
14/11/2023,89.58,89.58,89.58,89.58,0,IDCOT20TR:PSE
13/11/2023,87.64,87.64,87.64,87.64,0,IDCOT20TR:PSE
10/11/2023,87.79,87.79,87.79,87.79,0,IDCOT20TR:PSE
09/11/2023,87.27,87.27,87.27,87.27,0,IDCOT20TR:PSE
08/11/2023,89.34,89.34,89.34,89.34,0,IDCOT20TR:PSE
07/11/2023,87.86,87.86,87.86,87.86,0,IDCOT20TR:PSE
06/11/2023,86.67,86.67,86.67,86.67,0,IDCOT20TR:PSE
03/11/2023,87.45,87.45,87.45,87.45,0,IDCOT20TR:PSE
02/11/2023,86.79,86.79,86.79,86.79,0,IDCOT20TR:PSE
01/11/2023,84.9,84.9,84.9,84.9,0,IDCOT20TR:PSE
31/10/2023,83.15,83.15,83.15,83.15,0,IDCOT20TR:PSE
30/10/2023,83.54,83.54,83.54,83.54,0,IDCOT20TR:PSE
27/10/2023,83.89,83.89,83.89,83.89,0,IDCOT20TR:PSE
26/10/2023,84.18,84.18,84.18,84.18,0,IDCOT20TR:PSE
25/10/2023,82.97,82.97,82.97,82.97,0,IDCOT20TR:PSE
24/10/2023,84.81,84.81,84.81,84.81,0,IDCOT20TR:PSE
23/10/2023,83.81,83.81,83.81,83.81,0,IDCOT20TR:PSE
20/10/2023,82.73,82.73,82.73,82.73,0,IDCOT20TR:PSE
19/10/2023,82.31,82.31,82.31,82.31,0,IDCOT20TR:PSE
18/10/2023,83.97,83.98,83.97,83.98,0,IDCOT20TR:PSE
17/10/2023,84.79,84.79,84.79,84.79,0,IDCOT20TR:PSE
16/10/2023,85.75,85.75,85.75,85.75,0,IDCOT20TR:PSE
13/10/2023,87.06,87.06,87.06,87.06,0,IDCOT20TR:PSE
12/10/2023,85.6,85.6,85.57,85.57,0,IDCOT20TR:PSE
11/10/2023,87.91,87.93,87.91,87.93,0,IDCOT20TR:PSE
10/10/2023,86.18,86.18,86.16,86.16,0,IDCOT20TR:PSE
09/10/2023,86.02,86.09,84.34,84.34,0,IDCOT20TR:PSE
06/10/2023,84.3,84.31,84.3,84.31,0,IDCOT20TR:PSE
05/10/2023,85.36,85.36,85.33,85.33,0,IDCOT20TR:PSE
04/10/2023,85.74,85.8,85.74,85.8,0,IDCOT20TR:PSE
03/10/2023,84.61,84.61,84.6,84.6,0,IDCOT20TR:PSE
02/10/2023,86.49,86.5,86.49,86.5,0,IDCOT20TR:PSE
29/09/2023,87.93,87.93,87.89,87.89,0,IDCOT20TR:PSE
28/09/2023,87.85,87.86,87.85,87.86,0,IDCOT20TR:PSE
27/09/2023,87.61,87.64,87.61,87.64,0,IDCOT20TR:PSE
26/09/2023,88.1,88.1,88.1,88.1,0,IDCOT20TR:PSE
25/09/2023,88.44,88.44,88.42,88.42,0,IDCOT20TR:PSE
22/09/2023,90.62,90.63,90.62,90.63,0,IDCOT20TR:PSE
21/09/2023,89.9,89.9,89.9,89.9,0,IDCOT20TR:PSE
20/09/2023,92.27,92.27,92.27,92.27,0,IDCOT20TR:PSE
19/09/2023,92.03,92.05,92.03,92.05,0,IDCOT20TR:PSE
18/09/2023,92.63,92.66,92.63,92.66,0,IDCOT20TR:PSE
15/09/2023,92.19,92.19,92.18,92.18,0,IDCOT20TR:PSE
14/09/2023,92.68,92.69,92.68,92.69,0,IDCOT20TR:PSE
13/09/2023,93.39,93.39,93.38,93.38,0,IDCOT20TR:PSE
12/09/2023,93.38,93.38,93.37,93.37,0,IDCOT20TR:PSE
11/09/2023,92.86,92.86,92.86,92.86,0,IDCOT20TR:PSE
08/09/2023,93.51,93.52,93.51,93.52,0,IDCOT20TR:PSE
07/09/2023,93.16,93.16,93.13,93.13,0,IDCOT20TR:PSE
06/09/2023,92.95,92.95,92.94,92.94,0,IDCOT20TR:PSE
05/09/2023,92.73,92.74,92.73,92.74,0,IDCOT20TR:PSE
01/09/2023,94.01,94.01,94,94.01,0,IDCOT20TR:PSE
31/08/2023,95.48,95.48,95.48,95.48,0,IDCOT20TR:PSE
30/08/2023,95.09,95.1,95.09,95.1,0,IDCOT20TR:PSE
29/08/2023,95.13,95.15,95.13,95.15,0,IDCOT20TR:PSE
28/08/2023,94.16,94.18,94.16,94.18,0,IDCOT20TR:PSE
25/08/2023,94.06,94.06,94.05,94.05,0,IDCOT20TR:PSE
24/08/2023,93.78,93.78,93.77,93.77,0,IDCOT20TR:PSE
23/08/2023,94.35,94.35,94.35,94.35,0,IDCOT20TR:PSE
22/08/2023,92.09,92.1,92.09,92.1,0,IDCOT20TR:PSE
21/08/2023,91.41,91.43,91.41,91.43,0,IDCOT20TR:PSE
18/08/2023,92.66,92.66,92.64,92.64,0,IDCOT20TR:PSE
17/08/2023,92.3,92.32,92.3,92.32,0,IDCOT20TR:PSE
16/08/2023,92.77,92.77,92.75,92.75,0,IDCOT20TR:PSE
15/08/2023,93.44,93.45,93.44,93.45,0,IDCOT20TR:PSE
14/08/2023,94.04,94.04,94.04,94.04,0,IDCOT20TR:PSE
11/08/2023,94.18,94.19,94.18,94.19,0,IDCOT20TR:PSE
10/08/2023,94.47,94.47,94.46,94.46,0,IDCOT20TR:PSE
09/08/2023,95.99,96.01,95.99,96.01,0,IDCOT20TR:PSE
08/08/2023,95.51,95.51,95.51,95.51,0,IDCOT20TR:PSE
07/08/2023,94.43,94.44,94.43,94.44,0,IDCOT20TR:PSE
04/08/2023,95.33,95.33,95.33,95.33,0,IDCOT20TR:PSE
03/08/2023,93.72,93.72,93.72,93.72,0,IDCOT20TR:PSE
02/08/2023,95.92,95.94,95.92,95.94,0,IDCOT20TR:PSE
01/08/2023,96.96,96.96,96.96,96.96,0,IDCOT20TR:PSE
31/07/2023,98.57,98.57,98.56,98.56,0,IDCOT20TR:PSE
28/07/2023,98.29,98.3,98.29,98.3,0,IDCOT20TR:PSE
27/07/2023,97.81,97.82,97.81,97.82,0,IDCOT20TR:PSE
26/07/2023,99.75,99.75,99.73,99.73,0,IDCOT20TR:PSE
25/07/2023,99.65,99.65,99.65,99.65,0,IDCOT20TR:PSE
24/07/2023,99.83,99.84,99.83,99.84,0,IDCOT20TR:PSE
21/07/2023,100.19,100.19,100.19,100.19,0,IDCOT20TR:PSE
20/07/2023,100.12,100.12,100.11,100.11,0,IDCOT20TR:PSE
19/07/2023,101.41,101.42,101.41,101.42,0,IDCOT20TR:PSE
18/07/2023,100.26,100.27,100.26,100.27,0,IDCOT20TR:PSE
17/07/2023,99.81,99.81,99.81,99.81,0,IDCOT20TR:PSE
14/07/2023,99.78,99.78,99.78,99.78,0,IDCOT20TR:PSE
13/07/2023,100.23,100.24,100.23,100.24,0,IDCOT20TR:PSE
12/07/2023,99.28,99.29,99.28,99.29,0,IDCOT20TR:PSE
11/07/2023,98.14,98.14,98.14,98.14,0,IDCOT20TR:PSE
10/07/2023,97.69,97.69,97.68,97.68,0,IDCOT20TR:PSE
07/07/2023,97.54,97.55,97.54,97.55,0,IDCOT20TR:PSE
06/07/2023,98.17,98.18,98.17,98.18,0,IDCOT20TR:PSE
05/07/2023,99.57,99.57,99.57,99.57,0,IDCOT20TR:PSE
03/07/2023,100.69,100.69,100.54,100.54,0,IDCOT20TR:PSE
30/06/2023,101.07,101.07,101.02,101.02,0,IDCOT20TR:PSE
29/06/2023,99.92,99.93,99.92,99.93,0,IDCOT20TR:PSE
28/06/2023,101.75,101.78,101.75,101.78,0,IDCOT20TR:PSE
27/06/2023,101.29,101.29,101.29,101.29,0,IDCOT20TR:PSE
26/06/2023,101.59,101.6,101.59,101.6,0,IDCOT20TR:PSE
23/06/2023,101.42,101.42,101.42,101.42,0,IDCOT20TR:PSE
22/06/2023,100.49,100.49,100.47,100.47,0,IDCOT20TR:PSE
21/06/2023,101.74,101.76,101.74,101.76,0,IDCOT20TR:PSE
20/06/2023,101.48,101.48,101.48,101.48,0,IDCOT20TR:PSE
16/06/2023,100.78,100.8,100.78,100.8,0,IDCOT20TR:PSE
15/06/2023,101.08,101.08,101.08,101.08,0,IDCOT20TR:PSE
14/06/2023,100.18,100.18,100.18,100.18,0,IDCOT20TR:PSE
13/06/2023,99.41,99.42,99.41,99.42,0,IDCOT20TR:PSE
12/06/2023,100.39,100.39,100.37,100.37,0,IDCOT20TR:PSE
09/06/2023,100.13,100.13,100.12,100.12,0,IDCOT20TR:PSE
08/06/2023,100.18,100.18,100.17,100.17,0,IDCOT20TR:PSE
07/06/2023,99.1,99.1,99.1,99.1,0,IDCOT20TR:PSE
06/06/2023,100.56,100.56,100.55,100.55,0,IDCOT20TR:PSE
05/06/2023,100,100,99.99,100,0,IDCOT20TR:PSE
02/06/2023,100.14,100.15,100.14,100.15,0,IDCOT20TR:PSE
01/06/2023,101.17,101.17,101.16,101.16,0,IDCOT20TR:PSE
31/05/2023,100.84,100.85,100.84,100.85,0,IDCOT20TR:PSE
30/05/2023,99.93,99.94,99.93,99.94,0,IDCOT20TR:PSE
26/05/2023,98.63,98.63,98.41,98.41,0,IDCOT20TR:PSE
25/05/2023,98.21,98.21,98.2,98.2,0,IDCOT20TR:PSE
24/05/2023,98.5,98.5,98.47,98.47,0,IDCOT20TR:PSE
23/05/2023,98.9,98.9,98.89,98.89,0,IDCOT20TR:PSE
22/05/2023,98.67,98.68,98.67,98.68,0,IDCOT20TR:PSE
19/05/2023,98.99,98.99,98.99,98.99,0,IDCOT20TR:PSE
18/05/2023,99.69,99.69,99.68,99.68,0,IDCOT20TR:PSE
17/05/2023,100.48,100.48,100.47,100.47,0,IDCOT20TR:PSE
16/05/2023,100.72,100.72,100.71,100.71,0,IDCOT20TR:PSE
15/05/2023,101.12,101.12,101.09,101.09,0,IDCOT20TR:PSE
12/05/2023,102.14,102.14,102.13,102.13,0,IDCOT20TR:PSE
11/05/2023,102.95,102.95,102.94,102.94,0,IDCOT20TR:PSE
10/05/2023,101.88,101.91,101.88,101.91,0,IDCOT20TR:PSE
09/05/2023,100.94,100.94,100.92,100.92,0,IDCOT20TR:PSE
08/05/2023,101.32,101.32,101.32,101.32,0,IDCOT20TR:PSE
05/05/2023,102.67,102.67,102.67,102.67,0,IDCOT20TR:PSE
04/05/2023,103.16,103.16,103.1,103.1,0,IDCOT20TR:PSE
03/05/2023,104.07,104.08,104.07,104.08,0,IDCOT20TR:PSE
02/05/2023,103.42,103.42,103.41,103.41,0,IDCOT20TR:PSE
01/05/2023,101.03,101.05,101.03,101.05,0,IDCOT20TR:PSE
28/04/2023,103.95,103.95,103.92,103.92,0,IDCOT20TR:PSE
27/04/2023,102.36,102.36,102.36,102.36,0,IDCOT20TR:PSE
26/04/2023,103.38,103.4,103.38,103.4,0,IDCOT20TR:PSE
25/04/2023,104.47,104.47,104.45,104.45,0,IDCOT20TR:PSE
24/04/2023,102.93,102.93,102.92,102.92,0,IDCOT20TR:PSE
21/04/2023,101.95,101.95,101.95,101.95,0,IDCOT20TR:PSE
20/04/2023,102.49,102.49,102.46,102.46,0,IDCOT20TR:PSE
19/04/2023,101.65,101.65,101.64,101.64,0,IDCOT20TR:PSE
18/04/2023,101.72,101.75,101.72,101.75,0,IDCOT20TR:PSE
17/04/2023,101.37,101.37,101.36,101.36,0,IDCOT20TR:PSE
14/04/2023,102.53,102.53,102.51,102.51,0,IDCOT20TR:PSE
13/04/2023,103.54,103.54,103.54,103.54,0,IDCOT20TR:PSE
12/04/2023,104.37,104.38,104.37,104.38,0,IDCOT20TR:PSE
11/04/2023,104.48,104.5,104.48,104.5,0,IDCOT20TR:PSE
10/04/2023,104.31,104.32,104.31,104.32,0,IDCOT20TR:PSE
06/04/2023,105.93,105.93,105.93,105.93,0,IDCOT20TR:PSE
05/04/2023,105.64,105.65,105.64,105.65,0,IDCOT20TR:PSE
04/04/2023,104.72,104.72,104.7,104.7,0,IDCOT20TR:PSE
03/04/2023,104.07,104.07,104.07,104.07,0,IDCOT20TR:PSE
31/03/2023,103.5,103.5,103.49,103.49,0,IDCOT20TR:PSE
30/03/2023,102.03,102.03,102.02,102.02,0,IDCOT20TR:PSE
29/03/2023,101.55,101.55,101.55,101.55,0,IDCOT20TR:PSE
28/03/2023,101.78,101.78,101.78,101.78,0,IDCOT20TR:PSE
27/03/2023,101.66,101.67,101.66,101.67,0,IDCOT20TR:PSE
24/03/2023,103.92,103.93,103.92,103.93,0,IDCOT20TR:PSE
23/03/2023,103.57,103.59,103.57,103.59,0,IDCOT20TR:PSE
22/03/2023,103.53,103.54,103.53,103.54,0,IDCOT20TR:PSE
21/03/2023,102.19,102.19,102.19,102.19,0,IDCOT20TR:PSE
20/03/2023,103.18,103.18,103.16,103.16,0,IDCOT20TR:PSE
17/03/2023,104,104.05,104,104.05,0,IDCOT20TR:PSE
16/03/2023,102.53,102.53,102.5,102.5,0,IDCOT20TR:PSE
15/03/2023,103.4,103.4,103.35,103.35,0,IDCOT20TR:PSE
14/03/2023,101.37,101.37,101.37,101.37,0,IDCOT20TR:PSE
13/03/2023,103.17,103.18,103.17,103.18,0,IDCOT20TR:PSE
10/03/2023,102.79,102.82,102.79,102.82,0,IDCOT20TR:PSE
09/03/2023,99.4,99.41,99.4,99.41,0,IDCOT20TR:PSE
08/03/2023,99.16,99.17,99.16,99.17,0,IDCOT20TR:PSE
07/03/2023,99.08,99.08,99.07,99.07,0,IDCOT20TR:PSE
06/03/2023,98.5,98.51,98.5,98.51,0,IDCOT20TR:PSE
03/03/2023,99.16,99.2,99.16,99.2,0,IDCOT20TR:PSE
02/03/2023,96.9,96.9,96.89,96.89,0,IDCOT20TR:PSE
01/03/2023,97.78,97.78,97.77,97.77,0,IDCOT20TR:PSE
28/02/2023,98.75,98.75,98.74,98.74,0,IDCOT20TR:PSE
27/02/2023,98.37,98.39,98.37,98.39,0,IDCOT20TR:PSE
24/02/2023,98.06,98.09,98.06,98.09,0,IDCOT20TR:PSE
23/02/2023,99.34,99.34,99.33,99.33,0,IDCOT20TR:PSE
22/02/2023,98.47,98.47,98.46,98.46,0,IDCOT20TR:PSE
21/02/2023,97.55,97.56,97.55,97.56,0,IDCOT20TR:PSE
17/02/2023,99.44,99.44,99.42,99.42,0,IDCOT20TR:PSE
16/02/2023,98.7,98.71,98.7,98.71,0,IDCOT20TR:PSE
15/02/2023,100.14,100.16,100.14,100.16,0,IDCOT20TR:PSE
14/02/2023,101.06,101.06,101.06,101.06,0,IDCOT20TR:PSE
13/02/2023,101.28,101.28,101.28,101.28,0,IDCOT20TR:PSE
10/02/2023,100.41,100.42,100.41,100.42,0,IDCOT20TR:PSE
09/02/2023,101.61,101.61,101.61,101.61,0,IDCOT20TR:PSE
08/02/2023,102.61,102.61,102.58,102.58,0,IDCOT20TR:PSE
07/02/2023,102.15,102.15,102.15,102.15,0,IDCOT20TR:PSE
06/02/2023,102.95,102.97,102.95,102.97,0,IDCOT20TR:PSE
03/02/2023,103.7,103.7,103.69,103.69,0,IDCOT20TR:PSE
02/02/2023,105.21,105.21,105.21,105.21,0,IDCOT20TR:PSE
01/02/2023,105.11,105.11,105.11,105.11,0,IDCOT20TR:PSE
31/01/2023,103.85,103.85,103.84,103.84,0,IDCOT20TR:PSE
30/01/2023,103.07,103.08,103.07,103.08,0,IDCOT20TR:PSE
27/01/2023,103.47,103.48,103.47,103.48,0,IDCOT20TR:PSE
26/01/2023,103.64,103.65,103.64,103.65,0,IDCOT20TR:PSE
25/01/2023,104.14,104.14,104.14,104.14,0,IDCOT20TR:PSE
24/01/2023,103.9,103.9,103.89,103.89,0,IDCOT20TR:PSE
23/01/2023,102.43,102.43,102.42,102.42,0,IDCOT20TR:PSE
20/01/2023,102.91,102.91,102.9,102.9,0,IDCOT20TR:PSE
19/01/2023,104.59,104.6,104.59,104.6,0,IDCOT20TR:PSE
18/01/2023,105.24,105.24,105.22,105.22,0,IDCOT20TR:PSE
17/01/2023,102.88,102.89,102.88,102.89,0,IDCOT20TR:PSE
13/01/2023,103.43,103.45,103.43,103.45,0,IDCOT20TR:PSE
12/01/2023,104.37,104.38,104.37,104.38,0,IDCOT20TR:PSE
11/01/2023,102.38,102.4,102.38,102.4,0,IDCOT20TR:PSE
10/01/2023,100.8,100.8,100.79,100.79,0,IDCOT20TR:PSE
09/01/2023,102.41,102.43,102.41,102.43,0,IDCOT20TR:PSE
06/01/2023,101.89,101.89,101.88,101.88,0,IDCOT20TR:PSE
05/01/2023,100.03,100.03,100.03,100.03,0,IDCOT20TR:PSE
04/01/2023,99.64,99.64,99.64,99.64,0,IDCOT20TR:PSE
03/01/2023,98.29,98.3,98.29,98.3,0,IDCOT20TR:PSE
29/12/2023,106.41,106.41,106.41,106.41,0,IDCOT7TR:PSE
28/12/2023,106.7,106.7,106.7,106.7,0,IDCOT7TR:PSE
27/12/2023,107.14,107.14,107.14,107.14,0,IDCOT7TR:PSE
26/12/2023,106.29,106.29,106.29,106.29,0,IDCOT7TR:PSE
22/12/2023,106.22,106.22,106.22,106.22,0,IDCOT7TR:PSE
21/12/2023,106.3,106.3,106.3,106.3,0,IDCOT7TR:PSE
20/12/2023,106.5,106.5,106.5,106.5,0,IDCOT7TR:PSE
19/12/2023,105.97,105.97,105.97,105.97,0,IDCOT7TR:PSE
18/12/2023,105.76,105.76,105.76,105.76,0,IDCOT7TR:PSE
15/12/2023,105.98,105.98,105.98,105.98,0,IDCOT7TR:PSE
14/12/2023,106.05,106.05,106.05,106.05,0,IDCOT7TR:PSE
13/12/2023,105.21,105.21,105.21,105.21,0,IDCOT7TR:PSE
12/12/2023,103.7,103.7,103.7,103.7,0,IDCOT7TR:PSE
11/12/2023,103.45,103.45,103.45,103.45,0,IDCOT7TR:PSE
08/12/2023,103.43,103.43,103.43,103.43,0,IDCOT7TR:PSE
07/12/2023,104.08,104.08,104.08,104.08,0,IDCOT7TR:PSE
06/12/2023,104.26,104.26,104.26,104.26,0,IDCOT7TR:PSE
05/12/2023,103.84,103.84,103.84,103.84,0,IDCOT7TR:PSE
04/12/2023,103.09,103.1,103.09,103.1,0,IDCOT7TR:PSE
01/12/2023,103.46,103.46,103.46,103.46,0,IDCOT7TR:PSE
30/11/2023,102.46,102.46,102.46,102.46,0,IDCOT7TR:PSE
29/11/2023,103.06,103.06,103.06,103.06,0,IDCOT7TR:PSE
28/11/2023,102.5,102.5,102.5,102.5,0,IDCOT7TR:PSE
27/11/2023,102.06,102.06,102.06,102.06,0,IDCOT7TR:PSE
24/11/2023,101.29,101.29,101.29,101.29,0,IDCOT7TR:PSE
22/11/2023,101.79,101.79,101.79,101.79,0,IDCOT7TR:PSE
21/11/2023,101.84,101.84,101.84,101.84,0,IDCOT7TR:PSE
20/11/2023,101.74,101.74,101.74,101.74,0,IDCOT7TR:PSE
17/11/2023,101.56,101.56,101.56,101.56,0,IDCOT7TR:PSE
16/11/2023,101.49,101.49,101.48,101.48,0,IDCOT7TR:PSE
15/11/2023,100.77,100.77,100.77,100.77,0,IDCOT7TR:PSE
14/11/2023,101.52,101.52,101.52,101.52,0,IDCOT7TR:PSE
13/11/2023,100.06,100.06,100.06,100.06,0,IDCOT7TR:PSE
10/11/2023,100.1,100.1,100.1,100.1,0,IDCOT7TR:PSE
09/11/2023,99.98,99.98,99.98,99.98,0,IDCOT7TR:PSE
08/11/2023,100.99,100.99,100.99,100.99,0,IDCOT7TR:PSE
07/11/2023,100.57,100.57,100.57,100.57,0,IDCOT7TR:PSE
06/11/2023,100.02,100.02,100.02,100.02,0,IDCOT7TR:PSE
03/11/2023,100.59,100.59,100.59,100.59,0,IDCOT7TR:PSE
02/11/2023,99.79,99.79,99.79,99.79,0,IDCOT7TR:PSE
01/11/2023,99.18,99.18,99.18,99.18,0,IDCOT7TR:PSE
31/10/2023,98.07,98.07,98.07,98.07,0,IDCOT7TR:PSE
30/10/2023,98.27,98.27,98.27,98.27,0,IDCOT7TR:PSE
27/10/2023,98.58,98.58,98.58,98.58,0,IDCOT7TR:PSE
26/10/2023,98.43,98.43,98.43,98.43,0,IDCOT7TR:PSE
25/10/2023,97.7,97.71,97.7,97.71,0,IDCOT7TR:PSE
24/10/2023,98.56,98.56,98.56,98.56,0,IDCOT7TR:PSE
23/10/2023,98.37,98.37,98.37,98.37,0,IDCOT7TR:PSE
20/10/2023,97.9,97.9,97.9,97.9,0,IDCOT7TR:PSE
19/10/2023,97.32,97.32,97.32,97.32,0,IDCOT7TR:PSE
18/10/2023,97.84,97.84,97.84,97.84,0,IDCOT7TR:PSE
17/10/2023,98.31,98.31,98.31,98.31,0,IDCOT7TR:PSE
16/10/2023,99.27,99.27,99.27,99.27,0,IDCOT7TR:PSE
13/10/2023,99.85,99.86,99.85,99.86,0,IDCOT7TR:PSE
12/10/2023,99.24,99.24,99.23,99.23,0,IDCOT7TR:PSE
11/10/2023,100.2,100.2,100.2,100.2,0,IDCOT7TR:PSE
10/10/2023,99.66,99.66,99.64,99.64,0,IDCOT7TR:PSE
09/10/2023,99.74,99.82,98.59,98.59,0,IDCOT7TR:PSE
06/10/2023,98.56,98.57,98.56,98.57,0,IDCOT7TR:PSE
05/10/2023,99.14,99.14,99.14,99.14,0,IDCOT7TR:PSE
04/10/2023,98.99,98.99,98.99,98.99,0,IDCOT7TR:PSE
03/10/2023,98.37,98.37,98.36,98.36,0,IDCOT7TR:PSE
02/10/2023,99.18,99.19,99.18,99.19,0,IDCOT7TR:PSE
29/09/2023,100,100,99.99,99.99,0,IDCOT7TR:PSE
28/09/2023,99.94,99.94,99.94,99.94,0,IDCOT7TR:PSE
27/09/2023,99.68,99.69,99.68,99.69,0,IDCOT7TR:PSE
26/09/2023,100.14,100.14,100.14,100.14,0,IDCOT7TR:PSE
25/09/2023,100.19,100.19,100.19,100.19,0,IDCOT7TR:PSE
22/09/2023,100.93,100.94,100.93,100.94,0,IDCOT7TR:PSE
21/09/2023,100.51,100.51,100.51,100.51,0,IDCOT7TR:PSE
20/09/2023,101.29,101.31,101.29,101.31,0,IDCOT7TR:PSE
19/09/2023,101.35,101.36,101.35,101.36,0,IDCOT7TR:PSE
18/09/2023,101.74,101.74,101.74,101.74,0,IDCOT7TR:PSE
15/09/2023,101.62,101.62,101.61,101.61,0,IDCOT7TR:PSE
14/09/2023,101.9,101.92,101.9,101.92,0,IDCOT7TR:PSE
13/09/2023,102.19,102.19,102.18,102.18,0,IDCOT7TR:PSE
12/09/2023,102.05,102.05,102.05,102.05,0,IDCOT7TR:PSE
11/09/2023,101.91,101.91,101.91,101.91,0,IDCOT7TR:PSE
08/09/2023,102.07,102.07,102.07,102.07,0,IDCOT7TR:PSE
07/09/2023,102.06,102.06,102.05,102.05,0,IDCOT7TR:PSE
06/09/2023,101.72,101.72,101.72,101.72,0,IDCOT7TR:PSE
05/09/2023,102.01,102.01,102.01,102.01,0,IDCOT7TR:PSE
01/09/2023,102.59,102.59,102.57,102.58,0,IDCOT7TR:PSE
31/08/2023,103.2,103.21,103.2,103.21,0,IDCOT7TR:PSE
30/08/2023,103.04,103.04,103.04,103.04,0,IDCOT7TR:PSE
29/08/2023,103.04,103.04,103.04,103.04,0,IDCOT7TR:PSE
28/08/2023,102.3,102.3,102.3,102.3,0,IDCOT7TR:PSE
25/08/2023,102.03,102.03,102.02,102.02,0,IDCOT7TR:PSE
24/08/2023,102.03,102.04,102.03,102.04,0,IDCOT7TR:PSE
23/08/2023,102.41,102.42,102.41,102.42,0,IDCOT7TR:PSE
22/08/2023,101.33,101.33,101.33,101.33,0,IDCOT7TR:PSE
21/08/2023,101.29,101.29,101.29,101.29,0,IDCOT7TR:PSE
18/08/2023,101.93,101.93,101.92,101.92,0,IDCOT7TR:PSE
17/08/2023,101.61,101.61,101.61,101.61,0,IDCOT7TR:PSE
16/08/2023,101.74,101.74,101.73,101.73,0,IDCOT7TR:PSE
15/08/2023,102.12,102.12,102.12,102.12,0,IDCOT7TR:PSE
14/08/2023,102.32,102.32,102.31,102.31,0,IDCOT7TR:PSE
11/08/2023,102.46,102.46,102.46,102.46,0,IDCOT7TR:PSE
10/08/2023,102.99,102.99,102.99,102.99,0,IDCOT7TR:PSE
09/08/2023,103.81,103.82,103.81,103.82,0,IDCOT7TR:PSE
08/08/2023,103.73,103.74,103.73,103.74,0,IDCOT7TR:PSE
07/08/2023,103.21,103.21,103.21,103.21,0,IDCOT7TR:PSE
04/08/2023,103.47,103.47,103.46,103.46,0,IDCOT7TR:PSE
03/08/2023,102.35,102.35,102.35,102.35,0,IDCOT7TR:PSE
02/08/2023,103.14,103.15,103.14,103.15,0,IDCOT7TR:PSE
01/08/2023,103.36,103.36,103.36,103.36,0,IDCOT7TR:PSE
31/07/2023,103.97,103.99,103.97,103.99,0,IDCOT7TR:PSE
28/07/2023,103.88,103.88,103.88,103.88,0,IDCOT7TR:PSE
27/07/2023,103.49,103.5,103.49,103.5,0,IDCOT7TR:PSE
26/07/2023,104.62,104.62,104.62,104.62,0,IDCOT7TR:PSE
25/07/2023,104.28,104.28,104.28,104.28,0,IDCOT7TR:PSE
24/07/2023,104.48,104.48,104.48,104.48,0,IDCOT7TR:PSE
21/07/2023,104.72,104.73,104.72,104.73,0,IDCOT7TR:PSE
20/07/2023,104.63,104.63,104.63,104.63,0,IDCOT7TR:PSE
19/07/2023,105.5,105.5,105.49,105.49,0,IDCOT7TR:PSE
18/07/2023,105.1,105.11,105.1,105.11,0,IDCOT7TR:PSE
17/07/2023,105,105,104.99,104.99,0,IDCOT7TR:PSE
14/07/2023,104.83,104.83,104.83,104.83,0,IDCOT7TR:PSE
13/07/2023,105.34,105.34,105.34,105.34,0,IDCOT7TR:PSE
12/07/2023,104.46,104.46,104.46,104.46,0,IDCOT7TR:PSE
11/07/2023,103.46,103.46,103.46,103.46,0,IDCOT7TR:PSE
10/07/2023,103.24,103.24,103.23,103.23,0,IDCOT7TR:PSE
07/07/2023,102.71,102.72,102.71,102.72,0,IDCOT7TR:PSE
06/07/2023,102.8,102.8,102.8,102.8,0,IDCOT7TR:PSE
05/07/2023,103.72,103.72,103.72,103.72,0,IDCOT7TR:PSE
03/07/2023,104.21,104.24,104.21,104.24,0,IDCOT7TR:PSE
30/06/2023,104.62,104.62,104.61,104.61,0,IDCOT7TR:PSE
29/06/2023,104.37,104.37,104.37,104.37,0,IDCOT7TR:PSE
28/06/2023,105.47,105.48,105.47,105.48,0,IDCOT7TR:PSE
27/06/2023,105.07,105.07,105.07,105.07,0,IDCOT7TR:PSE
26/06/2023,105.42,105.43,105.42,105.43,0,IDCOT7TR:PSE
23/06/2023,105.17,105.17,105.17,105.17,0,IDCOT7TR:PSE
22/06/2023,104.75,104.75,104.74,104.74,0,IDCOT7TR:PSE
21/06/2023,105.35,105.35,105.35,105.35,0,IDCOT7TR:PSE
20/06/2023,105.27,105.27,105.27,105.27,0,IDCOT7TR:PSE
16/06/2023,104.93,104.94,104.93,104.94,0,IDCOT7TR:PSE
15/06/2023,105.36,105.37,105.36,105.37,0,IDCOT7TR:PSE
14/06/2023,104.55,104.56,104.55,104.56,0,IDCOT7TR:PSE
13/06/2023,104.42,104.42,104.42,104.42,0,IDCOT7TR:PSE
12/06/2023,105.19,105.19,105.19,105.19,0,IDCOT7TR:PSE
09/06/2023,105.01,105.01,105,105,0,IDCOT7TR:PSE
08/06/2023,105.33,105.33,105.33,105.33,0,IDCOT7TR:PSE
07/06/2023,104.68,104.68,104.68,104.68,0,IDCOT7TR:PSE
06/06/2023,105.47,105.47,105.47,105.47,0,IDCOT7TR:PSE
05/06/2023,105.4,105.4,105.4,105.4,0,IDCOT7TR:PSE
02/06/2023,105.38,105.38,105.38,105.38,0,IDCOT7TR:PSE
01/06/2023,106.22,106.22,106.22,106.22,0,IDCOT7TR:PSE
31/05/2023,105.96,105.96,105.95,105.95,0,IDCOT7TR:PSE
30/05/2023,105.56,105.56,105.56,105.56,0,IDCOT7TR:PSE
26/05/2023,104.55,104.55,104.44,104.44,0,IDCOT7TR:PSE
25/05/2023,104.52,104.52,104.52,104.52,0,IDCOT7TR:PSE
24/05/2023,105.21,105.21,105.2,105.2,0,IDCOT7TR:PSE
23/05/2023,105.49,105.49,105.48,105.48,0,IDCOT7TR:PSE
22/05/2023,105.32,105.33,105.32,105.33,0,IDCOT7TR:PSE
19/05/2023,105.47,105.47,105.47,105.47,0,IDCOT7TR:PSE
18/05/2023,105.86,105.86,105.86,105.86,0,IDCOT7TR:PSE
17/05/2023,106.55,106.55,106.54,106.54,0,IDCOT7TR:PSE
16/05/2023,106.92,106.92,106.92,106.92,0,IDCOT7TR:PSE
15/05/2023,107.23,107.23,107.23,107.23,0,IDCOT7TR:PSE
12/05/2023,107.48,107.48,107.47,107.47,0,IDCOT7TR:PSE
11/05/2023,108.12,108.12,108.1,108.1,0,IDCOT7TR:PSE
10/05/2023,107.73,107.74,107.73,107.74,0,IDCOT7TR:PSE
09/05/2023,106.97,106.97,106.96,106.96,0,IDCOT7TR:PSE
08/05/2023,107.07,107.07,107.07,107.07,0,IDCOT7TR:PSE
05/05/2023,107.69,107.69,107.69,107.69,0,IDCOT7TR:PSE
04/05/2023,108.28,108.28,108.28,108.28,0,IDCOT7TR:PSE
03/05/2023,108.33,108.34,108.33,108.34,0,IDCOT7TR:PSE
02/05/2023,107.64,107.64,107.63,107.63,0,IDCOT7TR:PSE
01/05/2023,106.23,106.23,106.23,106.23,0,IDCOT7TR:PSE
28/04/2023,107.5,107.5,107.49,107.49,0,IDCOT7TR:PSE
27/04/2023,106.66,106.66,106.66,106.66,0,IDCOT7TR:PSE
26/04/2023,107.4,107.4,107.4,107.4,0,IDCOT7TR:PSE
25/04/2023,107.85,107.85,107.85,107.85,0,IDCOT7TR:PSE
24/04/2023,106.74,106.74,106.74,106.74,0,IDCOT7TR:PSE
21/04/2023,106.22,106.23,106.22,106.23,0,IDCOT7TR:PSE
20/04/2023,106.47,106.47,106.45,106.45,0,IDCOT7TR:PSE
19/04/2023,105.91,105.91,105.91,105.91,0,IDCOT7TR:PSE
18/04/2023,106.1,106.11,106.1,106.11,0,IDCOT7TR:PSE
17/04/2023,105.96,105.96,105.96,105.96,0,IDCOT7TR:PSE
14/04/2023,106.61,106.61,106.6,106.6,0,IDCOT7TR:PSE
13/04/2023,107.13,107.14,107.13,107.14,0,IDCOT7TR:PSE
12/04/2023,107.46,107.46,107.46,107.46,0,IDCOT7TR:PSE
11/04/2023,107.19,107.19,107.19,107.19,0,IDCOT7TR:PSE
10/04/2023,107.24,107.24,107.23,107.23,0,IDCOT7TR:PSE
06/04/2023,108.27,108.27,108.26,108.26,0,IDCOT7TR:PSE
05/04/2023,108.2,108.21,108.2,108.21,0,IDCOT7TR:PSE
04/04/2023,107.79,107.79,107.78,107.78,0,IDCOT7TR:PSE
03/04/2023,107.11,107.12,107.11,107.12,0,IDCOT7TR:PSE
31/03/2023,106.6,106.6,106.59,106.59,0,IDCOT7TR:PSE
30/03/2023,106,106,106,106,0,IDCOT7TR:PSE
29/03/2023,105.87,105.88,105.87,105.88,0,IDCOT7TR:PSE
28/03/2023,106.04,106.04,106.04,106.04,0,IDCOT7TR:PSE
27/03/2023,106.12,106.14,106.12,106.14,0,IDCOT7TR:PSE
24/03/2023,107.42,107.42,107.41,107.41,0,IDCOT7TR:PSE
23/03/2023,107.37,107.37,107.37,107.37,0,IDCOT7TR:PSE
22/03/2023,106.73,106.74,106.73,106.74,0,IDCOT7TR:PSE
21/03/2023,105.4,105.4,105.39,105.39,0,IDCOT7TR:PSE
20/03/2023,106.32,106.34,106.32,106.34,0,IDCOT7TR:PSE
17/03/2023,106.79,106.79,106.78,106.78,0,IDCOT7TR:PSE
16/03/2023,105.5,105.5,105.5,105.5,0,IDCOT7TR:PSE
15/03/2023,106.47,106.47,106.45,106.45,0,IDCOT7TR:PSE
14/03/2023,104.94,104.94,104.93,104.93,0,IDCOT7TR:PSE
13/03/2023,105.98,105.98,105.98,105.98,0,IDCOT7TR:PSE
10/03/2023,104.67,104.68,104.67,104.68,0,IDCOT7TR:PSE
09/03/2023,102.76,102.77,102.76,102.77,0,IDCOT7TR:PSE
08/03/2023,102.19,102.19,102.19,102.19,0,IDCOT7TR:PSE
07/03/2023,102.24,102.24,102.23,102.23,0,IDCOT7TR:PSE
06/03/2023,102.21,102.21,102.21,102.21,0,IDCOT7TR:PSE
03/03/2023,102.35,102.37,102.35,102.37,0,IDCOT7TR:PSE
02/03/2023,101.54,101.55,101.54,101.55,0,IDCOT7TR:PSE
01/03/2023,102.01,102.01,102.01,102.01,0,IDCOT7TR:PSE
28/02/2023,102.79,102.8,102.79,102.8,0,IDCOT7TR:PSE
27/02/2023,102.64,102.64,102.64,102.64,0,IDCOT7TR:PSE
24/02/2023,102.35,102.35,102.35,102.35,0,IDCOT7TR:PSE
23/02/2023,102.96,102.96,102.96,102.96,0,IDCOT7TR:PSE
22/02/2023,102.6,102.6,102.59,102.59,0,IDCOT7TR:PSE
21/02/2023,102.4,102.4,102.4,102.4,0,IDCOT7TR:PSE
17/02/2023,103.51,103.51,103.51,103.51,0,IDCOT7TR:PSE
16/02/2023,103.18,103.18,103.18,103.18,0,IDCOT7TR:PSE
15/02/2023,103.57,103.57,103.57,103.57,0,IDCOT7TR:PSE
14/02/2023,103.89,103.89,103.88,103.88,0,IDCOT7TR:PSE
13/02/2023,104.34,104.34,104.34,104.34,0,IDCOT7TR:PSE
10/02/2023,104.06,104.06,104.06,104.06,0,IDCOT7TR:PSE
09/02/2023,104.58,104.58,104.58,104.58,0,IDCOT7TR:PSE
08/02/2023,105.07,105.07,105.06,105.06,0,IDCOT7TR:PSE
07/02/2023,104.69,104.69,104.69,104.69,0,IDCOT7TR:PSE
06/02/2023,104.94,104.94,104.94,104.94,0,IDCOT7TR:PSE
03/02/2023,105.84,105.85,105.84,105.85,0,IDCOT7TR:PSE
02/02/2023,106.98,106.98,106.98,106.98,0,IDCOT7TR:PSE
01/02/2023,107.01,107.01,107,107,0,IDCOT7TR:PSE
31/01/2023,106.22,106.22,106.21,106.21,0,IDCOT7TR:PSE
30/01/2023,105.72,105.72,105.72,105.72,0,IDCOT7TR:PSE
27/01/2023,106.02,106.03,106.02,106.03,0,IDCOT7TR:PSE
26/01/2023,106.18,106.19,106.18,106.19,0,IDCOT7TR:PSE
25/01/2023,106.56,106.57,106.56,106.57,0,IDCOT7TR:PSE
24/01/2023,106.46,106.46,106.46,106.46,0,IDCOT7TR:PSE
23/01/2023,105.87,105.87,105.87,105.87,0,IDCOT7TR:PSE
20/01/2023,106.19,106.19,106.19,106.19,0,IDCOT7TR:PSE
19/01/2023,106.89,106.89,106.89,106.89,0,IDCOT7TR:PSE
18/01/2023,107.1,107.1,107.09,107.09,0,IDCOT7TR:PSE
17/01/2023,105.73,105.73,105.72,105.72,0,IDCOT7TR:PSE
13/01/2023,106.01,106.02,106.01,106.02,0,IDCOT7TR:PSE
12/01/2023,106.53,106.54,106.53,106.54,0,IDCOT7TR:PSE
11/01/2023,105.63,105.63,105.63,105.63,0,IDCOT7TR:PSE
10/01/2023,104.98,104.98,104.98,104.98,0,IDCOT7TR:PSE
09/01/2023,105.64,105.64,105.64,105.64,0,IDCOT7TR:PSE
06/01/2023,105.32,105.32,105.32,105.32,0,IDCOT7TR:PSE
05/01/2023,104,104,103.99,103.99,0,IDCOT7TR:PSE
04/01/2023,104.15,104.15,104.15,104.15,0,IDCOT7TR:PSE
03/01/2023,103.38,103.38,103.38,103.38,0,IDCOT7TR:PSE
29/12/2023,"10,944.97","10,944.97","10,944.97","10,944.97",0,FTXIN0H:FSI
28/12/2023,"10,937.86","10,937.86","10,937.86","10,937.86",0,FTXIN0H:FSI
27/12/2023,"10,621.88","10,621.88","10,621.88","10,621.88",0,FTXIN0H:FSI
22/12/2023,"10,387.45","10,387.45","10,387.45","10,387.45",0,FTXIN0H:FSI
21/12/2023,"10,732.61","10,732.61","10,732.61","10,732.61",0,FTXIN0H:FSI
20/12/2023,"10,707.57","10,707.57","10,707.57","10,707.57",0,FTXIN0H:FSI
19/12/2023,"10,657.42","10,657.42","10,657.42","10,657.42",0,FTXIN0H:FSI
18/12/2023,"10,742.67","10,742.67","10,742.67","10,742.67",0,FTXIN0H:FSI
15/12/2023,"10,850.18","10,850.18","10,850.18","10,850.18",0,FTXIN0H:FSI
14/12/2023,"10,592.27","10,592.27","10,592.27","10,592.27",0,FTXIN0H:FSI
13/12/2023,"10,593.32","10,593.32","10,593.32","10,593.32",0,FTXIN0H:FSI
12/12/2023,"10,708.86","10,708.86","10,708.86","10,708.86",0,FTXIN0H:FSI
11/12/2023,"10,548.64","10,548.64","10,548.64","10,548.64",0,FTXIN0H:FSI
08/12/2023,"10,684.46","10,684.46","10,684.46","10,684.46",0,FTXIN0H:FSI
07/12/2023,"10,708.98","10,708.98","10,708.98","10,708.98",0,FTXIN0H:FSI
06/12/2023,"10,790.75","10,790.75","10,790.75","10,790.75",0,FTXIN0H:FSI
05/12/2023,"10,688.03","10,688.03","10,688.03","10,688.03",0,FTXIN0H:FSI
04/12/2023,"10,908.10","10,908.10","10,908.10","10,908.10",0,FTXIN0H:FSI
01/12/2023,"11,110.43","11,110.43","11,110.43","11,110.43",0,FTXIN0H:FSI
30/11/2023,"11,260.32","11,260.32","11,260.32","11,260.32",0,FTXIN0H:FSI
29/11/2023,"11,208.15","11,208.15","11,208.15","11,208.15",0,FTXIN0H:FSI
28/11/2023,"11,494.55","11,494.55","11,494.55","11,494.55",0,FTXIN0H:FSI
27/11/2023,"11,638.71","11,638.71","11,638.71","11,638.71",0,FTXIN0H:FSI
24/11/2023,"11,663.83","11,663.83","11,663.83","11,663.83",0,FTXIN0H:FSI
23/11/2023,"11,915.18","11,915.18","11,915.18","11,915.18",0,FTXIN0H:FSI
22/11/2023,"11,750.72","11,750.72","11,750.72","11,750.72",0,FTXIN0H:FSI
21/11/2023,"11,736.16","11,736.16","11,736.16","11,736.16",0,FTXIN0H:FSI
20/11/2023,"11,755.91","11,755.91","11,755.91","11,755.91",0,FTXIN0H:FSI
17/11/2023,"11,527.02","11,527.02","11,527.02","11,527.02",0,FTXIN0H:FSI
16/11/2023,"11,813.66","11,813.66","11,813.66","11,813.66",0,FTXIN0H:FSI
15/11/2023,"11,959.36","11,959.36","11,959.36","11,959.36",0,FTXIN0H:FSI
14/11/2023,"11,491.45","11,491.45","11,491.45","11,491.45",0,FTXIN0H:FSI
13/11/2023,"11,569.11","11,569.11","11,569.11","11,569.11",0,FTXIN0H:FSI
10/11/2023,"11,401.79","11,401.79","11,401.79","11,401.79",0,FTXIN0H:FSI
09/11/2023,"11,643.45","11,643.45","11,643.45","11,643.45",0,FTXIN0H:FSI
08/11/2023,"11,660.22","11,660.22","11,660.22","11,660.22",0,FTXIN0H:FSI
07/11/2023,"11,734.24","11,734.24","11,734.24","11,734.24",0,FTXIN0H:FSI
06/11/2023,"11,921.48","11,921.48","11,921.48","11,921.48",0,FTXIN0H:FSI
03/11/2023,"11,643.57","11,643.57","11,643.57","11,643.57",0,FTXIN0H:FSI
02/11/2023,"11,379.12","11,379.12","11,379.12","11,379.12",0,FTXIN0H:FSI
01/11/2023,"11,317.44","11,317.44","11,317.44","11,317.44",0,FTXIN0H:FSI
31/10/2023,"11,389.52","11,389.52","11,389.52","11,389.52",0,FTXIN0H:FSI
30/10/2023,"11,601.64","11,601.64","11,601.64","11,601.64",0,FTXIN0H:FSI
27/10/2023,"11,612.50","11,612.50","11,612.50","11,612.50",0,FTXIN0H:FSI
26/10/2023,"11,380.76","11,380.76","11,380.76","11,380.76",0,FTXIN0H:FSI
25/10/2023,"11,355.81","11,355.81","11,355.81","11,355.81",0,FTXIN0H:FSI
24/10/2023,"11,215.79","11,215.79","11,215.79","11,215.79",0,FTXIN0H:FSI
20/10/2023,"11,344.79","11,344.79","11,344.79","11,344.79",0,FTXIN0H:FSI
19/10/2023,"11,449.13","11,449.13","11,449.13","11,449.13",0,FTXIN0H:FSI
18/10/2023,"11,771.93","11,771.93","11,771.93","11,771.93",0,FTXIN0H:FSI
17/10/2023,"11,851.37","11,851.37","11,851.37","11,851.37",0,FTXIN0H:FSI
16/10/2023,"11,770.48","11,770.48","11,770.48","11,770.48",0,FTXIN0H:FSI
13/10/2023,"11,899.69","11,899.69","11,899.69","11,899.69",0,FTXIN0H:FSI
12/10/2023,"12,246.57","12,246.57","12,246.57","12,246.57",0,FTXIN0H:FSI
11/10/2023,"11,952.28","11,952.28","11,952.28","11,952.28",0,FTXIN0H:FSI
10/10/2023,"11,804.83","11,804.83","11,804.83","11,804.83",0,FTXIN0H:FSI
09/10/2023,"11,683.51","11,683.51","11,683.51","11,683.51",0,FTXIN0H:FSI
06/10/2023,"11,629.15","11,629.15","11,629.15","11,629.15",0,FTXIN0H:FSI
05/10/2023,"11,449.31","11,449.31","11,449.31","11,449.31",0,FTXIN0H:FSI
04/10/2023,"11,449.24","11,449.24","11,449.24","11,449.24",0,FTXIN0H:FSI
03/10/2023,"11,594.02","11,594.02","11,594.02","11,594.02",0,FTXIN0H:FSI
29/09/2023,"11,988.60","11,988.60","11,988.60","11,988.60",0,FTXIN0H:FSI
28/09/2023,"11,677.37","11,677.37","11,677.37","11,677.37",0,FTXIN0H:FSI
27/09/2023,"11,848.73","11,848.73","11,848.73","11,848.73",0,FTXIN0H:FSI
26/09/2023,"11,781.22","11,781.22","11,781.22","11,781.22",0,FTXIN0H:FSI
25/09/2023,"11,940.93","11,940.93","11,940.93","11,940.93",0,FTXIN0H:FSI
22/09/2023,"12,185.74","12,185.74","12,185.74","12,185.74",0,FTXIN0H:FSI
21/09/2023,"11,831.99","11,831.99","11,831.99","11,831.99",0,FTXIN0H:FSI
20/09/2023,"12,008.97","12,008.97","12,008.97","12,008.97",0,FTXIN0H:FSI
19/09/2023,"12,127.72","12,127.72","12,127.72","12,127.72",0,FTXIN0H:FSI
18/09/2023,"12,081.29","12,081.29","12,081.29","12,081.29",0,FTXIN0H:FSI
15/09/2023,"12,263.19","12,263.19","12,263.19","12,263.19",0,FTXIN0H:FSI
14/09/2023,"12,184.84","12,184.84","12,184.84","12,184.84",0,FTXIN0H:FSI
13/09/2023,"12,107.03","12,107.03","12,107.03","12,107.03",0,FTXIN0H:FSI
12/09/2023,"12,167.21","12,167.21","12,167.21","12,167.21",0,FTXIN0H:FSI
11/09/2023,"12,259.22","12,259.22","12,259.22","12,259.22",0,FTXIN0H:FSI
08/09/2023,"12,270.22","12,270.22","12,270.22","12,270.22",0,FTXIN0H:FSI
07/09/2023,"12,270.22","12,270.22","12,270.22","12,270.22",0,FTXIN0H:FSI
06/09/2023,"12,443.22","12,443.22","12,443.22","12,443.22",0,FTXIN0H:FSI
05/09/2023,"12,446.31","12,446.31","12,446.31","12,446.31",0,FTXIN0H:FSI
04/09/2023,"12,703.97","12,703.97","12,703.97","12,703.97",0,FTXIN0H:FSI
01/09/2023,"12,279.58","12,279.58","12,279.58","12,279.58",0,FTXIN0H:FSI
31/08/2023,"12,279.58","12,279.58","12,279.58","12,279.58",0,FTXIN0H:FSI
30/08/2023,"12,368.60","12,368.60","12,368.60","12,368.60",0,FTXIN0H:FSI
29/08/2023,"12,433.76","12,433.76","12,433.76","12,433.76",0,FTXIN0H:FSI
28/08/2023,"12,166.71","12,166.71","12,166.71","12,166.71",0,FTXIN0H:FSI
25/08/2023,"12,020.00","12,020.00","12,020.00","12,020.00",0,FTXIN0H:FSI
24/08/2023,"12,217.54","12,217.54","12,217.54","12,217.54",0,FTXIN0H:FSI
23/08/2023,"11,893.75","11,893.75","11,893.75","11,893.75",0,FTXIN0H:FSI
22/08/2023,"11,830.54","11,830.54","11,830.54","11,830.54",0,FTXIN0H:FSI
21/08/2023,"11,684.52","11,684.52","11,684.52","11,684.52",0,FTXIN0H:FSI
18/08/2023,"11,932.14","11,932.14","11,932.14","11,932.14",0,FTXIN0H:FSI
17/08/2023,"12,221.09","12,221.09","12,221.09","12,221.09",0,FTXIN0H:FSI
16/08/2023,"12,188.58","12,188.58","12,188.58","12,188.58",0,FTXIN0H:FSI
15/08/2023,"12,367.13","12,367.13","12,367.13","12,367.13",0,FTXIN0H:FSI
14/08/2023,"12,480.44","12,480.44","12,480.44","12,480.44",0,FTXIN0H:FSI
11/08/2023,"12,716.53","12,716.53","12,716.53","12,716.53",0,FTXIN0H:FSI
10/08/2023,"12,933.32","12,933.32","12,933.32","12,933.32",0,FTXIN0H:FSI
09/08/2023,"12,907.42","12,907.42","12,907.42","12,907.42",0,FTXIN0H:FSI
08/08/2023,"12,845.53","12,845.53","12,845.53","12,845.53",0,FTXIN0H:FSI
07/08/2023,"13,132.08","13,132.08","13,132.08","13,132.08",0,FTXIN0H:FSI
04/08/2023,"13,149.98","13,149.98","13,149.98","13,149.98",0,FTXIN0H:FSI
03/08/2023,"12,986.71","12,986.71","12,986.71","12,986.71",0,FTXIN0H:FSI
02/08/2023,"13,011.70","13,011.70","13,011.70","13,011.70",0,FTXIN0H:FSI
01/08/2023,"13,376.60","13,376.60","13,376.60","13,376.60",0,FTXIN0H:FSI
31/07/2023,"13,428.65","13,428.65","13,428.65","13,428.65",0,FTXIN0H:FSI
28/07/2023,"13,221.14","13,221.14","13,221.14","13,221.14",0,FTXIN0H:FSI
27/07/2023,"12,970.28","12,970.28","12,970.28","12,970.28",0,FTXIN0H:FSI
26/07/2023,"12,795.90","12,795.90","12,795.90","12,795.90",0,FTXIN0H:FSI
25/07/2023,"12,877.22","12,877.22","12,877.22","12,877.22",0,FTXIN0H:FSI
24/07/2023,"12,195.04","12,195.04","12,195.04","12,195.04",0,FTXIN0H:FSI
21/07/2023,"12,473.16","12,473.16","12,473.16","12,473.16",0,FTXIN0H:FSI
20/07/2023,"12,364.52","12,364.52","12,364.52","12,364.52",0,FTXIN0H:FSI
19/07/2023,"12,402.73","12,402.73","12,402.73","12,402.73",0,FTXIN0H:FSI
18/07/2023,"12,459.59","12,459.59","12,459.59","12,459.59",0,FTXIN0H:FSI
17/07/2023,"12,764.70","12,764.70","12,764.70","12,764.70",0,FTXIN0H:FSI
14/07/2023,"12,764.70","12,764.70","12,764.70","12,764.70",0,FTXIN0H:FSI
13/07/2023,"12,741.46","12,741.46","12,741.46","12,741.46",0,FTXIN0H:FSI
12/07/2023,"12,350.48","12,350.48","12,350.48","12,350.48",0,FTXIN0H:FSI
11/07/2023,"12,181.52","12,181.52","12,181.52","12,181.52",0,FTXIN0H:FSI
10/07/2023,"12,049.99","12,049.99","12,049.99","12,049.99",0,FTXIN0H:FSI
07/07/2023,"11,963.69","11,963.69","11,963.69","11,963.69",0,FTXIN0H:FSI
06/07/2023,"12,062.90","12,062.90","12,062.90","12,062.90",0,FTXIN0H:FSI
05/07/2023,"12,488.92","12,488.92","12,488.92","12,488.92",0,FTXIN0H:FSI
04/07/2023,"12,718.53","12,718.53","12,718.53","12,718.53",0,FTXIN0H:FSI
03/07/2023,"12,663.37","12,663.37","12,663.37","12,663.37",0,FTXIN0H:FSI
30/06/2023,"12,336.76","12,336.76","12,336.76","12,336.76",0,FTXIN0H:FSI
29/06/2023,"12,353.97","12,353.97","12,353.97","12,353.97",0,FTXIN0H:FSI
28/06/2023,"12,555.32","12,555.32","12,555.32","12,555.32",0,FTXIN0H:FSI
27/06/2023,"12,548.12","12,548.12","12,548.12","12,548.12",0,FTXIN0H:FSI
26/06/2023,"12,298.83","12,298.83","12,298.83","12,298.83",0,FTXIN0H:FSI
23/06/2023,"12,379.20","12,379.20","12,379.20","12,379.20",0,FTXIN0H:FSI
21/06/2023,"12,569.57","12,569.57","12,569.57","12,569.57",0,FTXIN0H:FSI
20/06/2023,"12,852.12","12,852.12","12,852.12","12,852.12",0,FTXIN0H:FSI
19/06/2023,"13,122.68","13,122.68","13,122.68","13,122.68",0,FTXIN0H:FSI
16/06/2023,"13,274.60","13,274.60","13,274.60","13,274.60",0,FTXIN0H:FSI
15/06/2023,"13,152.98","13,152.98","13,152.98","13,152.98",0,FTXIN0H:FSI
14/06/2023,"12,751.21","12,751.21","12,751.21","12,751.21",0,FTXIN0H:FSI
13/06/2023,"12,825.55","12,825.55","12,825.55","12,825.55",0,FTXIN0H:FSI
12/06/2023,"12,746.42","12,746.42","12,746.42","12,746.42",0,FTXIN0H:FSI
09/06/2023,"12,772.68","12,772.68","12,772.68","12,772.68",0,FTXIN0H:FSI
08/06/2023,"12,679.98","12,679.98","12,679.98","12,679.98",0,FTXIN0H:FSI
07/06/2023,"12,660.76","12,660.76","12,660.76","12,660.76",0,FTXIN0H:FSI
06/06/2023,"12,485.96","12,485.96","12,485.96","12,485.96",0,FTXIN0H:FSI
05/06/2023,"12,455.49","12,455.49","12,455.49","12,455.49",0,FTXIN0H:FSI
02/06/2023,"12,411.15","12,411.15","12,411.15","12,411.15",0,FTXIN0H:FSI
01/06/2023,"11,849.12","11,849.12","11,849.12","11,849.12",0,FTXIN0H:FSI
31/05/2023,"11,830.82","11,830.82","11,830.82","11,830.82",0,FTXIN0H:FSI
30/05/2023,"12,105.24","12,105.24","12,105.24","12,105.24",0,FTXIN0H:FSI
29/05/2023,"12,050.53","12,050.53","12,050.53","12,050.53",0,FTXIN0H:FSI
25/05/2023,"12,195.65","12,195.65","12,195.65","12,195.65",0,FTXIN0H:FSI
24/05/2023,"12,488.25","12,488.25","12,488.25","12,488.25",0,FTXIN0H:FSI
23/05/2023,"12,732.42","12,732.42","12,732.42","12,732.42",0,FTXIN0H:FSI
22/05/2023,"12,904.78","12,904.78","12,904.78","12,904.78",0,FTXIN0H:FSI
19/05/2023,"12,702.83","12,702.83","12,702.83","12,702.83",0,FTXIN0H:FSI
18/05/2023,"12,989.93","12,989.93","12,989.93","12,989.93",0,FTXIN0H:FSI
17/05/2023,"12,842.37","12,842.37","12,842.37","12,842.37",0,FTXIN0H:FSI
16/05/2023,"13,118.24","13,118.24","13,118.24","13,118.24",0,FTXIN0H:FSI
15/05/2023,"13,069.95","13,069.95","13,069.95","13,069.95",0,FTXIN0H:FSI
12/05/2023,"12,842.21","12,842.21","12,842.21","12,842.21",0,FTXIN0H:FSI
11/05/2023,"12,875.54","12,875.54","12,875.54","12,875.54",0,FTXIN0H:FSI
10/05/2023,"12,832.59","12,832.59","12,832.59","12,832.59",0,FTXIN0H:FSI
09/05/2023,"12,937.00","12,937.00","12,937.00","12,937.00",0,FTXIN0H:FSI
05/05/2023,"13,066.50","13,066.50","13,066.50","13,066.50",0,FTXIN0H:FSI
04/05/2023,"12,905.45","12,905.45","12,905.45","12,905.45",0,FTXIN0H:FSI
03/05/2023,"12,662.75","12,662.75","12,662.75","12,662.75",0,FTXIN0H:FSI
02/05/2023,"12,818.43","12,818.43","12,818.43","12,818.43",0,FTXIN0H:FSI
28/04/2023,"12,831.24","12,831.24","12,831.24","12,831.24",0,FTXIN0H:FSI
27/04/2023,"12,804.93","12,804.93","12,804.93","12,804.93",0,FTXIN0H:FSI
26/04/2023,"12,763.99","12,763.99","12,763.99","12,763.99",0,FTXIN0H:FSI
25/04/2023,"12,668.67","12,668.67","12,668.67","12,668.67",0,FTXIN0H:FSI
24/04/2023,"12,962.99","12,962.99","12,962.99","12,962.99",0,FTXIN0H:FSI
21/04/2023,"13,029.68","13,029.68","13,029.68","13,029.68",0,FTXIN0H:FSI
20/04/2023,"13,285.38","13,285.38","13,285.38","13,285.38",0,FTXIN0H:FSI
19/04/2023,"13,267.10","13,267.10","13,267.10","13,267.10",0,FTXIN0H:FSI
18/04/2023,"13,469.56","13,469.56","13,469.56","13,469.56",0,FTXIN0H:FSI
17/04/2023,"13,546.69","13,546.69","13,546.69","13,546.69",0,FTXIN0H:FSI
14/04/2023,"13,299.80","13,299.80","13,299.80","13,299.80",0,FTXIN0H:FSI
13/04/2023,"13,249.76","13,249.76","13,249.76","13,249.76",0,FTXIN0H:FSI
12/04/2023,"13,215.46","13,215.46","13,215.46","13,215.46",0,FTXIN0H:FSI
11/04/2023,"13,392.77","13,392.77","13,392.77","13,392.77",0,FTXIN0H:FSI
06/04/2023,"13,287.35","13,287.35","13,287.35","13,287.35",0,FTXIN0H:FSI
04/04/2023,"13,275.30","13,275.30","13,275.30","13,275.30",0,FTXIN0H:FSI
03/04/2023,"13,431.75","13,431.75","13,431.75","13,431.75",0,FTXIN0H:FSI
31/03/2023,"13,520.59","13,520.59","13,520.59","13,520.59",0,FTXIN0H:FSI
30/03/2023,"13,443.01","13,443.01","13,443.01","13,443.01",0,FTXIN0H:FSI
29/03/2023,"13,377.33","13,377.33","13,377.33","13,377.33",0,FTXIN0H:FSI
28/03/2023,"13,066.92","13,066.92","13,066.92","13,066.92",0,FTXIN0H:FSI
27/03/2023,"12,884.88","12,884.88","12,884.88","12,884.88",0,FTXIN0H:FSI
24/03/2023,"13,203.55","13,203.55","13,203.55","13,203.55",0,FTXIN0H:FSI
23/03/2023,"13,281.92","13,281.92","13,281.92","13,281.92",0,FTXIN0H:FSI
22/03/2023,"12,845.68","12,845.68","12,845.68","12,845.68",0,FTXIN0H:FSI
21/03/2023,"12,696.38","12,696.38","12,696.38","12,696.38",0,FTXIN0H:FSI
20/03/2023,"12,517.92","12,517.92","12,517.92","12,517.92",0,FTXIN0H:FSI
17/03/2023,"12,762.55","12,762.55","12,762.55","12,762.55",0,FTXIN0H:FSI
16/03/2023,"12,510.59","12,510.59","12,510.59","12,510.59",0,FTXIN0H:FSI
15/03/2023,"12,709.41","12,709.41","12,709.41","12,709.41",0,FTXIN0H:FSI
14/03/2023,"12,450.91","12,450.91","12,450.91","12,450.91",0,FTXIN0H:FSI
13/03/2023,"12,739.48","12,739.48","12,739.48","12,739.48",0,FTXIN0H:FSI
10/03/2023,"12,461.11","12,461.11","12,461.11","12,461.11",0,FTXIN0H:FSI
09/03/2023,"12,834.90","12,834.90","12,834.90","12,834.90",0,FTXIN0H:FSI
08/03/2023,"13,017.18","13,017.18","13,017.18","13,017.18",0,FTXIN0H:FSI
07/03/2023,"13,379.68","13,379.68","13,379.68","13,379.68",0,FTXIN0H:FSI
06/03/2023,"13,433.63","13,433.63","13,433.63","13,433.63",0,FTXIN0H:FSI
03/03/2023,"13,484.92","13,484.92","13,484.92","13,484.92",0,FTXIN0H:FSI
02/03/2023,"13,311.26","13,311.26","13,311.26","13,311.26",0,FTXIN0H:FSI
01/03/2023,"13,441.83","13,441.83","13,441.83","13,441.83",0,FTXIN0H:FSI
28/02/2023,"12,764.53","12,764.53","12,764.53","12,764.53",0,FTXIN0H:FSI
27/02/2023,"12,921.63","12,921.63","12,921.63","12,921.63",0,FTXIN0H:FSI
24/02/2023,"12,979.00","12,979.00","12,979.00","12,979.00",0,FTXIN0H:FSI
23/02/2023,"13,368.10","13,368.10","13,368.10","13,368.10",0,FTXIN0H:FSI
22/02/2023,"13,299.40","13,299.40","13,299.40","13,299.40",0,FTXIN0H:FSI
21/02/2023,"13,460.55","13,460.55","13,460.55","13,460.55",0,FTXIN0H:FSI
20/02/2023,"13,780.41","13,780.41","13,780.41","13,780.41",0,FTXIN0H:FSI
17/02/2023,"13,607.86","13,607.86","13,607.86","13,607.86",0,FTXIN0H:FSI
16/02/2023,"13,805.98","13,805.98","13,805.98","13,805.98",0,FTXIN0H:FSI
15/02/2023,"13,698.83","13,698.83","13,698.83","13,698.83",0,FTXIN0H:FSI
14/02/2023,"13,861.23","13,861.23","13,861.23","13,861.23",0,FTXIN0H:FSI
13/02/2023,"13,960.40","13,960.40","13,960.40","13,960.40",0,FTXIN0H:FSI
10/02/2023,"13,908.58","13,908.58","13,908.58","13,908.58",0,FTXIN0H:FSI
09/02/2023,"14,300.93","14,300.93","14,300.93","14,300.93",0,FTXIN0H:FSI
08/02/2023,"14,093.65","14,093.65","14,093.65","14,093.65",0,FTXIN0H:FSI
07/02/2023,"14,181.77","14,181.77","14,181.77","14,181.77",0,FTXIN0H:FSI
06/02/2023,"13,996.50","13,996.50","13,996.50","13,996.50",0,FTXIN0H:FSI
03/02/2023,"14,402.49","14,402.49","14,402.49","14,402.49",0,FTXIN0H:FSI
02/02/2023,"14,660.66","14,660.66","14,660.66","14,660.66",0,FTXIN0H:FSI
01/02/2023,"14,741.73","14,741.73","14,741.73","14,741.73",0,FTXIN0H:FSI
31/01/2023,"14,449.07","14,449.07","14,449.07","14,449.07",0,FTXIN0H:FSI
30/01/2023,"14,572.05","14,572.05","14,572.05","14,572.05",0,FTXIN0H:FSI
27/01/2023,"15,167.57","15,167.57","15,167.57","15,167.57",0,FTXIN0H:FSI
26/01/2023,"15,038.49","15,038.49","15,038.49","15,038.49",0,FTXIN0H:FSI
20/01/2023,"14,637.66","14,637.66","14,637.66","14,637.66",0,FTXIN0H:FSI
19/01/2023,"14,278.35","14,278.35","14,278.35","14,278.35",0,FTXIN0H:FSI
18/01/2023,"14,354.69","14,354.69","14,354.69","14,354.69",0,FTXIN0H:FSI
17/01/2023,"14,301.58","14,301.58","14,301.58","14,301.58",0,FTXIN0H:FSI
16/01/2023,"14,407.83","14,407.83","14,407.83","14,407.83",0,FTXIN0H:FSI
13/01/2023,"14,460.34","14,460.34","14,460.34","14,460.34",0,FTXIN0H:FSI
12/01/2023,"14,255.17","14,255.17","14,255.17","14,255.17",0,FTXIN0H:FSI
11/01/2023,"14,281.01","14,281.01","14,281.01","14,281.01",0,FTXIN0H:FSI
10/01/2023,"14,150.21","14,150.21","14,150.21","14,150.21",0,FTXIN0H:FSI
09/01/2023,"14,199.01","14,199.01","14,199.01","14,199.01",0,FTXIN0H:FSI
06/01/2023,"13,866.44","13,866.44","13,866.44","13,866.44",0,FTXIN0H:FSI
05/01/2023,"13,914.83","13,914.83","13,914.83","13,914.83",0,FTXIN0H:FSI
04/01/2023,"13,715.07","13,715.07","13,715.07","13,715.07",0,FTXIN0H:FSI
03/01/2023,"13,199.67","13,199.67","13,199.67","13,199.67",0,FTXIN0H:FSI
29/12/2023,"1,009.68","1,009.68","1,009.68","1,009.68",0,TFTACDEURSU:FSI
28/12/2023,"1,012.95","1,012.95","1,012.95","1,012.95",0,TFTACDEURSU:FSI
27/12/2023,"1,013.95","1,013.95","1,013.95","1,013.95",0,TFTACDEURSU:FSI
26/12/2023,"1,003.67","1,003.67","1,003.67","1,003.67",0,TFTACDEURSU:FSI
25/12/2023,"1,003.20","1,003.20","1,003.20","1,003.20",0,TFTACDEURSU:FSI
22/12/2023,"1,003.20","1,003.20","1,003.20","1,003.20",0,TFTACDEURSU:FSI
21/12/2023,999.41,999.41,999.41,999.41,0,TFTACDEURSU:FSI
20/12/2023,999.9,999.9,999.9,999.9,0,TFTACDEURSU:FSI
19/12/2023,998.95,998.95,998.95,998.95,0,TFTACDEURSU:FSI
18/12/2023,988.56,988.56,988.56,988.56,0,TFTACDEURSU:FSI
15/12/2023,991.29,991.29,991.29,991.29,0,TFTACDEURSU:FSI
14/12/2023,998.04,998.04,998.04,998.04,0,TFTACDEURSU:FSI
13/12/2023,970.14,970.14,970.14,970.14,0,TFTACDEURSU:FSI
12/12/2023,969.61,969.61,969.61,969.61,0,TFTACDEURSU:FSI
11/12/2023,968.58,968.58,968.58,968.58,0,TFTACDEURSU:FSI
08/12/2023,967.89,967.89,967.89,967.89,0,TFTACDEURSU:FSI
07/12/2023,962.19,962.19,962.19,962.19,0,TFTACDEURSU:FSI
06/12/2023,965.21,965.21,965.21,965.21,0,TFTACDEURSU:FSI
05/12/2023,961.54,961.54,961.54,961.54,0,TFTACDEURSU:FSI
04/12/2023,958.37,958.37,958.37,958.37,0,TFTACDEURSU:FSI
01/12/2023,961.14,961.14,961.14,961.14,0,TFTACDEURSU:FSI
30/11/2023,958.23,958.23,958.23,958.23,0,TFTACDEURSU:FSI
29/11/2023,959.03,959.03,959.03,959.03,0,TFTACDEURSU:FSI
28/11/2023,955.01,955.01,955.01,955.01,0,TFTACDEURSU:FSI
27/11/2023,953.47,953.47,953.47,953.47,0,TFTACDEURSU:FSI
24/11/2023,957.19,957.19,957.19,957.19,0,TFTACDEURSU:FSI
23/11/2023,951.37,951.37,951.37,951.37,0,TFTACDEURSU:FSI
22/11/2023,944.83,944.83,944.83,944.83,0,TFTACDEURSU:FSI
21/11/2023,947.61,947.61,947.61,947.61,0,TFTACDEURSU:FSI
20/11/2023,949.45,949.45,949.45,949.45,0,TFTACDEURSU:FSI
17/11/2023,943.47,943.47,943.47,943.47,0,TFTACDEURSU:FSI
16/11/2023,933.19,933.19,933.19,933.19,0,TFTACDEURSU:FSI
15/11/2023,938.84,938.84,938.84,938.84,0,TFTACDEURSU:FSI
14/11/2023,932.47,932.47,932.47,932.47,0,TFTACDEURSU:FSI
13/11/2023,906.56,906.56,906.56,906.56,0,TFTACDEURSU:FSI
10/11/2023,898.26,898.26,898.26,898.26,0,TFTACDEURSU:FSI
09/11/2023,911.17,911.17,911.17,911.17,0,TFTACDEURSU:FSI
08/11/2023,902.13,902.13,902.13,902.13,0,TFTACDEURSU:FSI
07/11/2023,897.97,897.97,897.97,897.97,0,TFTACDEURSU:FSI
06/11/2023,904.49,904.49,904.49,904.49,0,TFTACDEURSU:FSI
03/11/2023,905.43,905.43,905.43,905.43,0,TFTACDEURSU:FSI
02/11/2023,893.54,893.54,893.54,893.54,0,TFTACDEURSU:FSI
01/11/2023,872.56,872.56,872.56,872.56,0,TFTACDEURSU:FSI
31/10/2023,869.53,869.53,869.53,869.53,0,TFTACDEURSU:FSI
30/10/2023,868.19,868.19,868.19,868.19,0,TFTACDEURSU:FSI
27/10/2023,861.79,861.79,861.79,861.79,0,TFTACDEURSU:FSI
26/10/2023,865.63,865.63,865.63,865.63,0,TFTACDEURSU:FSI
25/10/2023,872.98,872.98,872.98,872.98,0,TFTACDEURSU:FSI
24/10/2023,874.17,874.17,874.17,874.17,0,TFTACDEURSU:FSI
23/10/2023,872.82,872.82,872.82,872.82,0,TFTACDEURSU:FSI
20/10/2023,870.75,870.75,870.75,870.75,0,TFTACDEURSU:FSI
19/10/2023,881.03,881.03,881.03,881.03,0,TFTACDEURSU:FSI
18/10/2023,889.06,889.06,889.06,889.06,0,TFTACDEURSU:FSI
17/10/2023,901.96,901.96,901.96,901.96,0,TFTACDEURSU:FSI
16/10/2023,900.46,900.46,900.46,900.46,0,TFTACDEURSU:FSI
13/10/2023,894.53,894.53,894.53,894.53,0,TFTACDEURSU:FSI
12/10/2023,908.05,908.05,908.05,908.05,0,TFTACDEURSU:FSI
11/10/2023,912.96,912.96,912.96,912.96,0,TFTACDEURSU:FSI
10/10/2023,909.33,909.33,909.33,909.33,0,TFTACDEURSU:FSI
09/10/2023,887.46,887.46,887.46,887.46,0,TFTACDEURSU:FSI
06/10/2023,888.97,888.97,888.97,888.97,0,TFTACDEURSU:FSI
05/10/2023,881.25,881.25,881.25,881.25,0,TFTACDEURSU:FSI
04/10/2023,875.42,875.42,875.42,875.42,0,TFTACDEURSU:FSI
03/10/2023,875.59,875.59,875.59,875.59,0,TFTACDEURSU:FSI
02/10/2023,887.56,887.56,887.56,887.56,0,TFTACDEURSU:FSI
29/09/2023,904.49,904.49,904.49,904.49,0,TFTACDEURSU:FSI
28/09/2023,890.72,898.55,890.72,898.55,0,TFTACDEURSU:FSI
27/09/2023,890.72,890.72,890.72,890.72,0,TFTACDEURSU:FSI
26/09/2023,898.31,898.31,898.31,898.31,0,TFTACDEURSU:FSI
25/09/2023,903.45,903.45,903.45,903.45,0,TFTACDEURSU:FSI
22/09/2023,916.13,916.13,916.13,916.13,0,TFTACDEURSU:FSI
21/09/2023,919.01,919.01,919.01,919.01,0,TFTACDEURSU:FSI
20/09/2023,936.23,936.23,936.23,936.23,0,TFTACDEURSU:FSI
19/09/2023,924.91,924.91,924.91,924.91,0,TFTACDEURSU:FSI
18/09/2023,924.02,924.02,924.02,924.02,0,TFTACDEURSU:FSI
15/09/2023,933.58,933.58,933.58,933.58,0,TFTACDEURSU:FSI
14/09/2023,931.75,931.75,931.75,931.75,0,TFTACDEURSU:FSI
13/09/2023,924.05,924.05,924.05,924.05,0,TFTACDEURSU:FSI
12/09/2023,924.84,924.84,924.84,924.84,0,TFTACDEURSU:FSI
11/09/2023,929.45,929.45,929.45,929.45,0,TFTACDEURSU:FSI
08/09/2023,923.5,923.5,923.5,923.5,0,TFTACDEURSU:FSI
07/09/2023,920.79,920.79,920.79,920.79,0,TFTACDEURSU:FSI
06/09/2023,922.6,922.6,922.6,922.6,0,TFTACDEURSU:FSI
05/09/2023,927.98,927.98,927.98,927.98,0,TFTACDEURSU:FSI
04/09/2023,936.88,936.88,936.88,936.88,0,TFTACDEURSU:FSI
01/09/2023,939.01,939.01,939.01,939.01,0,TFTACDEURSU:FSI
31/08/2023,943.1,943.1,943.1,943.1,0,TFTACDEURSU:FSI
30/08/2023,951.01,951.01,951.01,951.01,0,TFTACDEURSU:FSI
29/08/2023,943.62,943.62,943.62,943.62,0,TFTACDEURSU:FSI
28/08/2023,932.12,932.12,932.12,932.12,0,TFTACDEURSU:FSI
25/08/2023,921.28,921.28,921.28,921.28,0,TFTACDEURSU:FSI
24/08/2023,927.62,927.62,927.62,927.62,0,TFTACDEURSU:FSI
23/08/2023,931.87,931.87,931.87,931.87,0,TFTACDEURSU:FSI
22/08/2023,928.6,928.6,928.6,928.6,0,TFTACDEURSU:FSI
21/08/2023,925.33,925.33,925.33,925.33,0,TFTACDEURSU:FSI
18/08/2023,924,924,924,924,0,TFTACDEURSU:FSI
17/08/2023,931.2,931.2,931.2,931.2,0,TFTACDEURSU:FSI
16/08/2023,941.07,941.07,941.07,941.07,0,TFTACDEURSU:FSI
15/08/2023,944.52,944.52,944.52,944.52,0,TFTACDEURSU:FSI
14/08/2023,950.23,950.23,950.23,950.23,0,TFTACDEURSU:FSI
11/08/2023,954.71,954.71,954.71,954.71,0,TFTACDEURSU:FSI
10/08/2023,969.23,969.23,969.23,969.23,0,TFTACDEURSU:FSI
09/08/2023,957.88,957.88,957.88,957.88,0,TFTACDEURSU:FSI
08/08/2023,950.42,950.42,950.42,950.42,0,TFTACDEURSU:FSI
07/08/2023,957.87,957.87,957.87,957.87,0,TFTACDEURSU:FSI
04/08/2023,958.84,958.84,958.84,958.84,0,TFTACDEURSU:FSI
03/08/2023,948.11,948.11,948.11,948.11,0,TFTACDEURSU:FSI
02/08/2023,953.12,953.12,953.12,953.12,0,TFTACDEURSU:FSI
01/08/2023,970.71,970.71,970.71,970.71,0,TFTACDEURSU:FSI
31/07/2023,983.27,983.27,983.27,983.27,0,TFTACDEURSU:FSI
28/07/2023,982.93,982.93,982.93,982.93,0,TFTACDEURSU:FSI
27/07/2023,981.36,981.36,981.36,981.36,0,TFTACDEURSU:FSI
26/07/2023,975.08,975.08,975.08,975.08,0,TFTACDEURSU:FSI
25/07/2023,978.31,978.31,978.31,978.31,0,TFTACDEURSU:FSI
24/07/2023,976.6,976.6,976.6,976.6,0,TFTACDEURSU:FSI
21/07/2023,978.61,978.61,978.61,978.61,0,TFTACDEURSU:FSI
20/07/2023,978.87,978.87,978.87,978.87,0,TFTACDEURSU:FSI
19/07/2023,978.95,978.95,978.95,978.95,0,TFTACDEURSU:FSI
18/07/2023,980.04,980.04,980.04,980.04,0,TFTACDEURSU:FSI
17/07/2023,973.39,973.39,973.39,973.39,0,TFTACDEURSU:FSI
14/07/2023,980.48,980.48,980.48,980.48,0,TFTACDEURSU:FSI
13/07/2023,977.88,977.88,977.88,977.88,0,TFTACDEURSU:FSI
12/07/2023,965.31,965.31,965.31,965.31,0,TFTACDEURSU:FSI
11/07/2023,939.55,939.55,939.55,939.55,0,TFTACDEURSU:FSI
10/07/2023,931.44,931.44,931.44,931.44,0,TFTACDEURSU:FSI
07/07/2023,927.68,927.68,927.68,927.68,0,TFTACDEURSU:FSI
06/07/2023,919.13,919.13,919.13,919.13,0,TFTACDEURSU:FSI
05/07/2023,941.46,941.46,941.46,941.46,0,TFTACDEURSU:FSI
04/07/2023,950.92,950.92,950.92,950.92,0,TFTACDEURSU:FSI
03/07/2023,950.19,950.19,950.19,950.19,0,TFTACDEURSU:FSI
30/06/2023,951.98,951.98,951.98,951.98,0,TFTACDEURSU:FSI
29/06/2023,939.21,939.21,939.21,939.21,0,TFTACDEURSU:FSI
28/06/2023,939.03,939.03,939.03,939.03,0,TFTACDEURSU:FSI
27/06/2023,936.66,936.66,936.66,936.66,0,TFTACDEURSU:FSI
26/06/2023,932.85,932.85,932.85,932.85,0,TFTACDEURSU:FSI
23/06/2023,931.72,931.72,931.72,931.72,0,TFTACDEURSU:FSI
22/06/2023,941.57,941.57,941.57,941.57,0,TFTACDEURSU:FSI
21/06/2023,945.74,945.74,945.74,945.74,0,TFTACDEURSU:FSI
20/06/2023,945.86,945.86,945.86,945.86,0,TFTACDEURSU:FSI
19/06/2023,953.67,953.67,953.67,953.67,0,TFTACDEURSU:FSI
16/06/2023,963.64,963.64,963.64,963.64,0,TFTACDEURSU:FSI
15/06/2023,957.66,957.66,957.66,957.66,0,TFTACDEURSU:FSI
14/06/2023,954.01,954.01,954.01,954.01,0,TFTACDEURSU:FSI
13/06/2023,945.88,945.88,945.88,945.88,0,TFTACDEURSU:FSI
12/06/2023,935.67,935.67,935.67,935.67,0,TFTACDEURSU:FSI
09/06/2023,934.8,934.8,934.8,934.8,0,TFTACDEURSU:FSI
08/06/2023,937.26,937.26,937.26,937.26,0,TFTACDEURSU:FSI
07/06/2023,931.87,931.87,931.87,931.87,0,TFTACDEURSU:FSI
06/06/2023,932.03,932.03,932.03,932.03,0,TFTACDEURSU:FSI
05/06/2023,930.19,930.19,930.19,930.19,0,TFTACDEURSU:FSI
02/06/2023,935.98,935.98,935.98,935.98,0,TFTACDEURSU:FSI
01/06/2023,922.13,922.13,922.13,922.13,0,TFTACDEURSU:FSI
31/05/2023,908.87,908.87,908.87,908.87,0,TFTACDEURSU:FSI
30/05/2023,924.01,924.01,924.01,924.01,0,TFTACDEURSU:FSI
29/05/2023,929.86,929.86,929.86,929.86,0,TFTACDEURSU:FSI
26/05/2023,930.56,930.56,930.56,930.56,0,TFTACDEURSU:FSI
25/05/2023,922.1,922.1,922.1,922.1,0,TFTACDEURSU:FSI
24/05/2023,927.79,927.79,927.79,927.79,0,TFTACDEURSU:FSI
23/05/2023,946.39,946.39,946.39,946.39,0,TFTACDEURSU:FSI
22/05/2023,953.59,953.59,953.59,953.59,0,TFTACDEURSU:FSI
19/05/2023,951.59,951.59,951.59,951.59,0,TFTACDEURSU:FSI
18/05/2023,943.6,943.6,943.6,943.6,0,TFTACDEURSU:FSI
17/05/2023,943.7,943.7,943.7,943.7,0,TFTACDEURSU:FSI
16/05/2023,949.11,949.11,949.11,949.11,0,TFTACDEURSU:FSI
15/05/2023,953.03,953.03,953.03,953.03,0,TFTACDEURSU:FSI
12/05/2023,949.86,949.86,949.86,949.86,0,TFTACDEURSU:FSI
11/05/2023,950.42,950.42,950.42,950.42,0,TFTACDEURSU:FSI
10/05/2023,954.59,954.59,954.59,954.59,0,TFTACDEURSU:FSI
09/05/2023,956.54,956.54,956.54,956.54,0,TFTACDEURSU:FSI
08/05/2023,964.08,964.08,964.08,964.08,0,TFTACDEURSU:FSI
05/05/2023,959.77,959.77,959.77,959.77,0,TFTACDEURSU:FSI
04/05/2023,948.15,948.15,948.15,948.15,0,TFTACDEURSU:FSI
03/05/2023,956.27,956.27,956.27,956.27,0,TFTACDEURSU:FSI
02/05/2023,946.82,946.82,946.82,946.82,0,TFTACDEURSU:FSI
01/05/2023,958.3,958.3,958.3,958.3,0,TFTACDEURSU:FSI
28/04/2023,962.95,962.95,962.95,962.95,0,TFTACDEURSU:FSI
27/04/2023,953.94,953.94,953.94,953.94,0,TFTACDEURSU:FSI
26/04/2023,954.1,954.1,954.1,954.1,0,TFTACDEURSU:FSI
25/04/2023,955.55,955.55,955.55,955.55,0,TFTACDEURSU:FSI
24/04/2023,963.65,963.65,963.65,963.65,0,TFTACDEURSU:FSI
21/04/2023,957.45,957.45,957.45,957.45,0,TFTACDEURSU:FSI
20/04/2023,954.8,954.8,954.8,954.8,0,TFTACDEURSU:FSI
19/04/2023,954.45,954.45,954.45,954.45,0,TFTACDEURSU:FSI
18/04/2023,955.93,955.93,955.93,955.93,0,TFTACDEURSU:FSI
17/04/2023,948.31,948.31,948.31,948.31,0,TFTACDEURSU:FSI